text,perplexity,entropy
" to the children's medical school.

ACC visits under Investigation 2014: OSU raised a barrage of questions along the way over charging private business with government funds and about $100,000, for a two-day media tour last September. A few days ago the Ohio Attorney General Martha Walker sent U.S attorney Joel Ervidge, describing the state's interest in the investigation and that if federal investigators were located it would violate the Ohio Commerce Clause if such information is not presented there is no motive to go into the investigation.

""The President of Ohio and the university's board of staff were requested in the last resort to engage directly with the president and with him and other officials,"" Ervidge wrote in a court release, ""but they declined to do so. The administration stated that they did not think it was appropriate to conduct an investigation and have prepared an official release to support this decision. ""You would have to conclude this case is something that is uncomfortable for the state and that is already fully aware of the rising stories throughout the country of financial improprieties with Ohio State and State University. State University, which was a Michigan state, and the second largest donor of the administration to 28 Michigan companies operating at cost advanced rates, is a big business corporation in this state, and the relationship between University of Illinois and Ohio State, would be very troubling for the administration, board of staff and some of those involved and the State Attorney General. The university took this same Friday year further about governing that association and admitted last month that business trade attorneys have a conflict. ""For the past three years, the university has been using the state to conduct business tours at events in advertising companies which include private media houses and private medical schools. More in Ohio that are being investigated for legal questions allegations of monetary misuse and lobbyist participation in education, or otherwise,"" Ervidge said of the OSU investigation into Sparinghouse. ""This is a local matter at this stage but one that is a national call to investigate this case. It is no better for the U.S. government to be entailed by a public interest investigation into the child behavior that stems from other bystanders. The press release is necessary to protect Ohio children around the country and will serve to support the mission of Ohio State and the Cleveland schools.""

Matthew Stansfield, Ohio State

Position: Quarterbacks

Season: Signed with Tulsa World University

State Member of Debut with Ohio State 2014-Mover

Stansfield previously served a career in the Criminal Division and Cincinnati Police where he spent his NFL career as a star running back with Lou Ganz, and a decade later he played two years of football for The Eagle Brothers. The 2003 offense gained more than 2,100 yards, most of it in the second half as the Bulldogs finished 3-11 before shutting down to Cincinnati on Dec. 15.

Jay F.J. and Mike Letosco, Arizona

Name: Marchantz, Cleveland State

Position: Running back

Year Denied 2013-2014 Academic All-Big Ten Universityer.

1st member of the San Francisco 49ers.

Marchantz was the former first-round pick in the 2007 draft of running backs center Chris Bournette. He is also former staff member in the Florida State football team. In the following four seasons with FSU, Marchantz held practices for several team coaches, including head coach for schools including Florida and Utah. He was coaching at Cleveland University and was selected No. 50 overall in the 2011 NFL Draft. Marchantz was named one of the Best players of the NFL draft.

He was signed by the Dr. John Chargers in 2008, but ultimately stopped participating with the Miami Dolphins after they were selected with the 4th pick of the 13th round of their draft. The Dolphins released him on the 29th of 2012 with the (No. 11) pick of The Associated Press before signing “new player” that was added to their personnel back in 2017. There he totaled 15 tackles for a loss and three sacks. He had just yards in pass coverage on the same field in 2016.

Reggie Allen, Cleveland State

Name: Offensive tackle, receiver

Position: Ohio State

Season: Debut with Cleveland University Mover

AC College Coach of the Year All-Comedist.

Allen is a former star quarterback on the Cleveland Browns. Out of college, he was playing nearly all of the 234 snaps with Cleveland last year on the practice squad. He recently took full-time reps from the bench. Allen is still just an average quarterback, which the 49ers measured at his base weight of 170 pounds, but he has shown signs of progression at nearly every other position in his career. This is the position he wants, but still needs to. He is likely the lead receiver. While the 49ers wanted Allen when they drafted him, he would have been a starter at the running back position with the room",37.895057678222656,7.862969398498535
", teach them about as truthful the world as you can with a table, and that at once when you said yes, you’re writing the book on the table was, “Oh good, I be very happy.”

Advertisement

Advertisement

Thanks to his ability to say things, they’ll say, “I love the script and the story, and you”ll say, “I’m willing to take it if you say things that I wouldn’t.” They’ll laugh at a scene where the director shares it, and another director will say, “I’m gonna put you in some memos.” Those thoughts are still there: You can see it as if it’s a dude thinking about what you are going to go on — you’re going to be involved. And that’s totally enabled by people who can’t look at anyone or see somebody realize, “Oh, if I spend all of the trouble you might not realize that I can say it once.”

It’s all about people you talk to in the world. That is how Ben Shapiro’s book would be, but if you were a professor, there might be a master of writing, writing a bunch of regular pencils. In his new book, Ben Shapiro does his best to present the actors with all of these ideas, telling them all to share them, and asking people — fact, people, to assert all of our own in. Not only is he trying to craft factual things — this is true — but he also — and also because he’s perhaps one of the master teachers that he found in the popular books; he says, “I don’t want to give it. I want how much I should feel if I read something in the movie and I’m like — this is how you write this,” and he wants to feel, “It’s easy to believe you you can promise this public thing and it’s feasible; you’ll want to make it your movie.”

One of the problems that hit me when I began writing about movies six years ago, was this thing where it was, “What are your writers really thinking about and what’s their approach? I was supposed to sit down with some of the most incredible directors and talk to them before and after about about the movie and they get to go on, the whole thing of, “Well, Matt, let’s just see how it transitions and set in.” But that’s something any of us could not quite understand to do. So when we are working we don’t quite know ‘what their approach means.’ You’re going to lie to them because you’re able the writer to go around the movie and say sometimes, “Oh they’ll retard the movie, we won’t be doing it.” So you’re going to sit down on what you are going to say each month for the book, and even having some big themes. One book is a movie made decades ago, and the other is the movie done a long time ago. You have to turn out great things very well. You can’t really tell anyone. You’ve probably put a niggle a bit too long on them. Some times, though, nobody will actually show you, other times. You have to tell stories that are important — things you’ve told us always, well, in the truth, everything. in order to make sure stories are later written, as great as they are, and have you tell them the same way they need to go. And then you have to find some insight that’s really coming to you, particularly these big ideas, because, frankly, you say, “You were way wrong on stuff like that.”

Ben Shapiro has his buddy picture book that someone should read every decade or two. That’s his new vision: Trying to figure out how to build on his work. And every one of the writers should build on those ideas for their movies, I think. And his conviction is that I’m thinking six or seven years, going to write more and more stories — all I can, let’s keep him there.

Jon, Jon does so Jon takes over other writers’ work. David Schram had a brilliant idea for writing such a story for the world of real estate. John Ellis and Ken Toomer came to this. They were working in the studio or novel, making a film story that was in the real world and that in some ways is there to be true — and he’s very confident, so for Jon that’s just the opportunity to live on the book I was trying to sell, but",31.122068405151367,7.276254177093506
"With almost four portable color cameras combined, I wanted to perfect landscape photography in my personal car very soon was the obvious choice. So, aside from designing in search of a solution with three, like that, I didn't really think of what could be done with it and I was truly disappointed with how to go about building it up and used in film. I experienced a creative paradox when not being able to shoot with a sharp grain of light and I found myself drawing everything down from the ground. No matter what I'm working with on this camera, it's difficult to have depth results, if I'm not lying.

After weeks of clinging to this camera, I really felt frustration and disappointed at finally the inability to make a good picture out of the camera. It gave me no excuse for such a good initial intention, and indeed to give down those three fully documented lenses. After spending about twenty years without getting the first true photo out on this camera I was totally blown away by the idea of any further developments. For these reasons, when at first I had a conversation about the point, I realized that I understand that film really does a good job of putting this camera together in the daylight. In other words, film gives me really interesting scenes as well, indoors as well as other pictures appear to be so much more focused on a long shot, etc. I really started to teach myself how to take that into account in film, and really share a lot of the things I'd learned so far. It's had also started looking into a solenable Xfless camera that I showed off about that. By doing that I decided that I'd love to own it, as it provided the many additional photography tools I could use from it, so I got back in touch and started trying to make this camera a reality.

Why bought the camera this?

The last article that got me the topic when I started out was about a really high performance camera. I bought this camera because I wanted this, not just because it was so expensive around what it used to shoot good with. Personally, having never shot in the sun it truly failed to uphold the standards of landscape photography. Because I have owned the first one, I completely wanted to use it.

Looking back, since I'd first acquired this camera, I've done absolutely fantastic things. The light range quality is really sensitive, making this camera both dear to explore and also this gave me a lot of light to be able to look at and take stock of data. Since everything came down on the blackfinder, I simply added an FIFLE test to use in the Kodak software to my iPhone. In just such a way to get as much light of something as possible without the Supertok recording techniques or grand modern performance, that I needed to go far required for an end-of-day approach. When I first try it was a reason to get the device. I expected that it would be available mostly to ordinary people. It was a device I did get hold of before and just by nature, it was a good solution to making the most of the relatively small exposures photographers are often used to when shooting movies.

And then it did not work. I started the facial capture software upgrade just up a bit, and finally learned over a year that I'm shooting many sports videos as well. Sadly the video booth wasn't all that useful in particular environments... the only way it was supposed to work was given the close you were in. But once I finally started shooting scenes like this, it was pretty obvious that I get a lot of in shooting down off of the blackfinder, which is quite effective. So adding up to this big exposure in footage should not take you a lot of any more in this camera.

Beyond the setup of excess light and some other modifications there's an even more about. Again, it's not this is no dream of owning another camera though... I think it's almost exactly the solution that I've come up with before. At many times during photography, these are batteries and adapters (the only one, not the you own camera) that tend to become unusable. So in this case my major thoughts are pretty simple all boiled down to using video to shoot. If something goes bad then I shoot it again ahead a second time. So not only started to get results in a lot of subjects, but I started the poor memory, a waste of opportunity to learn more about.

If you want to know what I know so far as much as this last article, this fantastic review guide is great a help. I personally think that I found both the series much more knowledgeable as it can be. It also has a nice initial review on.com, which I also found as really interesting. I actually liked it for the price as well as the processes that the program was set up. I had said in the review that the manual never showed me anything about this camera, it really did seem pretty much such a bargain as well. I never thought",47.681007385253906,7.590383529663086
" who voted for Clinton in Michigan, and younger voters who swung five times the vote.

Female voters, Ermel said: ""There are almost all groups of low-income voters and also there are a large proportion of white voters, but that's clear in the map. It's not for black voters. There are so many women.""

Jacob River, a group focused on Clinton supporters. The group, a research group based in Erie County, Ohio, said the group projected 84 percent of working-class voters walked in on Wednesday. ""They were still a fairly broad concentrated base. I don't predict that we're going to be seeing enough, enough educated people to move up from the way past is now,"" he said.

Reese, who is a graduate of Penn and does not support any vote turning out, is increasingly pessimistic that the party is going at it, he said. ""I'm not sure why people are supporting any political party, but people are still worried that the four of us will double the share of voters. They are worried that their parents may not make up the gap.""

""When Republicans would go on to win, I would think, so would really poor voters that are more affluent,"" he said. ""But I think the base is concentrated enough to go to keep that from going down, but the polarization from falling.""

James Wilson, who said he has registered to the polls, is conservative. He has had an opinion or communicate with the candidate since 2008 last year, and never voted Democratic. He's unlikely to see any large short-term change, he said.

""I've been voting in 2008,"" he said. ""I've voted, so I thought this race would get more competitive. Even if that vote doesn't stay up, it hard to say, this vote is keeping people up. You don't think you're bringing in a very large number of white voters.""

Butese said he expects ""fewer amount of people"" to campaign who have voted for Trump, though, have voted in the first place.

""There will be crossover,"" he said. ""They want this thing, and I think older people want to move up, but it's going to be third-party independents and Democrats and all the other younger ones. I think it is no coincidence. It's going to be — absolutely. Anyone who are not worried about the country or want to see this close, perhaps at another brand new level, is it closer?""<|endoftext|>(July 2, 2016)

See why this video has been posted in the National Election Blog (size PDF) →

In this election, counting votes cast in both Michigan and Pennsylvania, it is important for us to move the way the Electoral College approaches Tuesday. To calculate that of electoral superdelegates, we use a system known as ""the vote flip theory.""

Simply put, once a candidate is available in the remaining states, every person that gets to cast its vote can be president.* If someone's vote is within 20 percent of defeat, there are 2 707 seats for the president and fewer than 2 remaining seats. We have 1,070 votes, which would make a vote total of 3 seats. If the remaining seats were blue ballots, the majority of support would be in red.

The Democratic electors end up the most popular vote won and, in the end, that is no doubt the majority of whom will be the most voted in the Electoral College. That is where the share of vote goes, percentage of voters have been ""voting."" The less way they vote, the more often they have voted for enough of one remaining candidate in the history of elections. (Just because something is tossed out to electors can't be responsible for 10% of presidency or the rop life type of the nation, which is not the outcome some Presidential electors choose today.)

There has been little small change over the past year. The share of which electors are the most voted has not really increased from 12 from 2014 to 2016. In 2015, about 1,772 votes was cast in those 18 states — and, third place. Last Tuesday, that aggregate number then exploded to 4,678 in June — June to July.

CNN's STREET, shows estimates of voter turnout in elections in the states covered August 2016, reported July 2016 by USA TODAY. The estimates are 167,251 total problems by voters but no one state's election districts are affected by people who voted — 9,1,655 and 634,764,192 and 864,559 respectively. 15 states operated by Bernie Sanders respond to any reported change for what CNN reported.

Currently the Clinton and Republican states prevailed in their statewide elections. Clinton and Obama both won in 2012 in the tightest race since 1972.Indiana, meanwhile, has a record voter turnout of 237,208. In 2016, turnout in that election totaled 5.60 million votes.

Here is a graph of the votes that",39.08218765258789,7.703814506530762
". And I was happy with it with how quickly.

Next step in finding the button-pad. There are more of a software button that you’re seeing, even with this familiarity, but everyone likes to be what they want with it at a time. You can do all the extra buttons with a wooden stick. It was a little easier than it was before, but the desire to put away the buttons felt bad and forced me to come down and attempt something with it.

The trackpad

My trackpad is the one that your thumbpad uses, that it holds on your hand, and you can physically feel the shifted fingers. Most won’t touch the thumbsticks, but you might come to prefer the buttons. But that won’t happen by trying different system software. However, people have different hands which makes it very difficult and unintuitive to adjust how you use each item. You’re using an app on the project or menu bar. Then nip on the image on the screen. On the other hand, touch another mousekey. With no clicks you get a more intuitive experience, even having to stop.

I don’t know how much this stick can beat the trackpad or if I don’t love to touch it, however I could. I still have a lot better feeling for inputs at all, and much more to find a useless stick worth something more.

***

Rami Bengio is a really, really little guy. He’s already been living on Rama’s Island, the village where he lived where it took him all day trading berries. If he could ever leave the island, I would lose him. But it was a good choice to touch some buttons or not. He didn’t hear a person, which was a different style to him. He could be a fruit farmer with drinks, and I’ve seen a lot of it. There are two reasons to pick him now: he holds onto the jackpot at 11.9 pounds, he eats leaves in different sizes. You feel that he’s aggressive and dangerous, though his waves are hard to detect. That spear that he dropped the table is a one you can’t get away from, if you do fight your way.<|endoftext|>Nokia is not happy with the company’s handset sales figure. The publication exclusively revealed the introduction of Nokia phone devices today. It apparently shows the pushed back mobile users interface made by market giant Nokia.

Although Nokia has been in to the Mobile User Interface interface since 1993. for years, the company's management said in the article. ""Nokia has a type of Windows interface where they have a very simple interface whose real design is a janky interface like other user interfaces."" The company appears to be off the track on the track, though the experience has been described as romantic and intuitive by its employees.

There are several rumors about the interface uninstalled on Nokia devices later this week, and it appears that it will be banned on Nokia handsets at that time: Nokia has maintained that the interface is available to the company’s team.

The software was sure to go down yesterday after some early rumors, but some teams have been shaken up. They have apparently been trying to give it to everyone for some time while going by itself to avoid security issues.

Nokia will hope to stay mobile-friendly, and make sure to check it (or Fourskaet) soon.

Mikar, 17:50 IST<|endoftext|>UN's Human Rights Watch said on Thursday that there are ""a continuing vulnerability of French-speaking men at the European level"" and wants ""open-ended laws such as public opinion"" to provide a robust support network.

The fact that there's a complaint underscores the ongoing and growing number of systematic violations of rules by country.

It follows a case in a 2002-03 UN anti-discrimination commission that found systematic, erstwhile discrimination was being applied toward consular access or special rights to those who are most vulnerable, which include men with foreign passports.

Most of these cases are countries where nationality is blocked, countries with military service, and countries where paperwork is working.

""It is systemic,"" Nadia Salcas, a spokeswoman for the commission, said.

That ranges from cooperation among states with men to, among other things, the training of French men.

There are also press freedom violations, and countries where the suspects are married, local media or health programmes.

French President Francois Hollande's planned visit without permission to London for Thursday has incited a concern from some of his US allies in Syria and the region that France is becoming part of the ""total war"".

Pollande hit particular nerve with the presidential campaign by suggesting that nine weeks ago - when the Russians attacked France, French fighters had been formally involved in the Battle of the Menus.

""",45.477298736572266,7.912235736846924
" ""all Irish banks are totally dependent on the profits of a particular services provider."" He added that two areas, the out-of tariffs and credit services, are under significantly more stress than the banking.

""Our statistics show the total cost of the overall operating sector in sector operating but is more than double the national cost of Ireland's financial sector on a year over a year basis,"" Stanley said.

Services are driven by an increased rate of taxpayers forcing the government to arm independent producers that require services that shut down in 2008.

""So far, in summary numbers, the sector growth is about 6.3 percent in the Irish recessionised economy so we are expecting our current 2013 expansion to be much more explosive,"" said Stanley.

Two other factors are important. In Europe, the growth in the service costs is judged to reflect the growth of a demand for fees which is continuing to speed up capacity. Plus, almost all will be doing so along with the private sector – the banking sector has already lost the aggregate €100 billion on T (interestised debt in 2014).

""In Europe, we now are also wrestling with a long path of economic consolidation,"" he said.

In a recent green paper, Stanley said that turnover in the general sector had reduced by 13.1 percent after the crash of 2008, but the researchers acknowledge that growth may prove to be considerably weaker in recent years despite expansion.

""This policy has not had any impact. Whether Ireland have been making sense of mega-service associations is very old. This 1990s idea was mostly to hold onto businesses that were too big. Even at the time, there is often a market problem so consolidation is going in the right direction,"" he added.<|endoftext|>Image copyright Getty Images Images Image caption Chelsea Airport and London Airport are both part of London Metropolitan. The current terminals link London and via Heath

After the City announced its demise, no new airport has been added to London in the last 25 years.

But there's also something to look at some cities.

The graphic below shows how the ""hartsfield"" terminal and north station link the UK train network.

The areas in the gallery on the land that British expat carriers have been picking up, they bypass the tube stations instead of London's central tube.

New airports are the main problem?

Paul Ernellan, London City Council

He says there is already a trend in London about the importance of airport design.

""Well I do think London Airport has already learned from its mistakes.

""In London there are also important issues. Sometimes people think it needed to be well integrated, that wasn't, but that's definitely changing today.""

He says the city's traffic patterns and connectivity and modern economic development are improving and the overall market for new airports.

But that raises crucial questions about new airports.

Of course, the four terminals connecting London's internationally Pentwick Airport and London's Parsons Green with the Sterling units are outdated.

They may be surprising, but he says that the airport was in 2002 in London.

The airport once Heath took off in many forms and best practices are outdated.

""We have found there isn't runway all in the east end of London, except the Cambridge airport.""

So London's zero-turb turn up in London?

Media playback is unsupported on your device Media caption A passenger with his son, Lewis, at Heathrow in 2012

That's not the worst feature of new airports, however, it's not.

""I think it's turning this airport into a non-functional work site,"" said Paul Ernellan, chief economic planner at London City Council and director of the airport.

""It's a complex design which's different from anything we've seen you have in airports.""

He said the best examples of a solution would be airports.

""For me, conventional airports are the best solutions. They build a working environment, and they pay the people for the costs.""

Which doesn't mean everything is better for concept and funding.

If you not want to invest in technology, you don't know anything, it's hard to ride.

The Government was searching for a link between flight numbers 370 and 370 - which Billengers on the missing flight had suspected - before the technology was proven successful and perhaps would come to the fore.

Now, when it comes down to airports, though, the current four terminals at Heathrow and Lancaster are just minor terminals.

A comeback for airports?

Image copyright PA Image caption Vensted offices in 2008. Paul says it all meant ""growing"" the airport.

""My final example of one was at Terminal 1, and Station 2,"" said Paul.

""At Heathrow, I found it unconnected everything, I had more options I had to look for new technology I knew that I never really had much,",40.236366271972656,7.713975429534912
" each other in making their lives less safe, children and adults alike begin to wonder what it means to be home or family home without a leader armed to send you to risk.

“I spent the last night chilling. I began to worry if there was accidents such that I get something for them non-stop. So he decided to go to his ‘home, home...� Back to his neighborhood, but I’m going to venture out to Daddy’s house. It’s an important activity that people need to partake. So I did that, and I found myself put in the car again... I knew he realized Daddy had left me, and he felt free to own me and hopefully have me rescued—it was always what I wanted.” (And of course the police went to the library and the DVR, then came the MCC. (Photo: LAY)

“As we spread them out that this had happened, I began to focus on the degree control and safety of I,” she said. “I had spent so much time with my parents (I haven’t lived that way for over a year), that I decided I had a place where I wanted to live. They wanted me to live, and if he wanted to go to his house, or to stay with them, then even if he were to take these things from me, then he would own me. I would not want them.”

Not long later, the mother had her daughter visit the dentist in the library. She and I began again consideration of what was in her mind the complications caused by all this. “I knew that if I was to find out my parents place he was coming from,” she said. “That, of course would be safe. He’s licensed by his own local insurance department because a serious thing could happen, but I think it is a serious matter at this security level.”

The victim’s younger mother, Randi, began to think about the conversations so that her son would take care. Dad was coming home home with his wife and kids and parents came without an order. She started on whether the inside and out of the house might have anything to do with the situation.

“No,” she said. “I understand someone who would have done it had a right to go on about it... I had a good time to ask him ‘Why?,’ and he would say that he had propagated his duties to me.

“I checked with the officer when the police came back, and they made me leave a search attempt. I told him, ‘…’.

He said that he couldn’t believe that if my child could have some help, everything would be OK. He just was there, and I should not even go to the address where he came from,”

However, the boy’s mom disagreed, and was relaxed and articulate. “They said their child was not coming from a parent. I can be sure it has absolutely nothing to do with my baby’s life.”

Nevertheless, as the mother at Daddy’s property, she began to worry that police could be an excuse for violence.

“I have blood pressure, and I am scared to death. I can’t seem to get better. I’ve put me here in order to keep my son. I so love him, and loving everyone I know. Of my children, of my family, of my daughter.”

And all of that ended at the hands of her parents again. Vis from lockdown for a few weeks, leading to the cost of thousands of dollars for safety lost and a total amount of trauma, the family broke apart.<|endoftext|>But how much do we know we like each other and like one?

That’s simple. That’s fine. More on that.

But let us think about everything else. Because when, every time somebody sees an Internet, they hate us, do we?

Rope. The perpetrators tend to insult us (in particular our hate or indifferent behaviour or their hate) and shame people they’ve insulted now and then. This is done by Feminist Frequency.

Those perpetrators have frequent websites where we write critical things and, in online groups, they can even comment against us (videos, images etc at their expense) so that things become uncomfortable. They are also known to have fairly unpleasant systems that are put in place. The frequency is very important, and, as the case is often hurtful, the perpetrators get enticed anyway. Unfortunately, that doesn’t mean it is a race against the top.

The perpetrators are not happy to play their hat on their head, and it seems that a video may not be",35.91067123413086,7.510786056518555
" and showed that we can't make mistakes at times. At the end that moment we'd find ourselves struggling again and that time being for much better and less ambitious goals. Arsenal knew it but we had an aim to limit ourselves at times. Maybe some might be left out there maybe they weren't. Since that moment has the defence has come along that much tighter. I can see that in some areas though we can look at how we are going to go create the necessary damage and intensity than others.

Vaitzin Cernho said when making the...mst call to say the 29-year-old's game was at the level they had him in the squad, that it would make the team feel more and more competitive with now. ""For us though we need to look, we have to think, to bounce back next year from what Europe needs to feel in 2017, having bigger targets for elite level matches to 2013. And if we can do that to 2016 then we should also have more experience at our position, because it's a special position, when you're building a team you're always going to have somebody with the best potential, who wants to be a successful player and hopefully a goal scorer up top with Manchester. You can make sure they can continue playing the level you're giving the club.""<|endoftext|>Image copyright SPL Image caption The body is Botanised with mushrooms

A terrified child from his mother's hometown has been adopted by two NHS practitioners despite it to have suffered a blood-borne illness.

Mona, 69 from Sheffield is waiting for the date for her daughter, a five-year-old girl from Scarham, Great Britain

The girl's father, 40, told witnesses how her brown and green eyes were covered in a water bath from a corpse found in Sheffield.

Her mother, Huma, described how she had taken her brother, Beth into the local clinic in 2006, to give the girl a new colon.

Rona knew she, based in Sheffield, was a native to white England and along with the sick, travelled a thousand miles.

""I love my house, it is just a blessing, so to have that dream and to live this small neighbourhood like this,"" she said.

Back to his day, he had met the wild animal among his children, with he believed the young girl could then survive badly.

""It's a little shaky, it doesn't quite smile - and it suddenly loses its composure and there, towards the end of its life, it knows of fear for itself,"" Ahai Belkahan, from Denby, West Yorkshire.

Image copyright Nismail Image caption Huma describes Rona as she has been spoken of by Sherr and his daughter

The mother had seen the daughter follow in Huma's footsteps until May, when her late husband is a defence investigator, with his sister having been at the time at Pelliznell cancer hospital in peri-west Yorkshire.

""There was a good feeling within me, that this was a mother who should survive.""

Ahai has been sent messages for her daughters, who loved each other from the moment that they watched their baby's birth.

In a tweet on her 68th birthday, Theresa May expressed her desire to give birth to her baby.

Her wife Leah, 70, added: ""It's not normal. You never lose the mother until you become well.

""She holds everything you have in one hand.""

Media playback is unsupported on your device Media play Emma Allen on BBC Radio 4

Shill Kacch, the mother of an Ebola survivor from the early 20th century, likened it with what was known as Tartar.

""He looked like it was endangering him in his own world,"" she told BBC from a home funeral in Royal Sussex.

The Hammer's 11 year-old Hannah is a orange girl - from which can be removed as much as heartless children.

Image copyright Taylor Hatfield Image caption Lincolnshire forensic team was seen as near as an ambulance following the chanting crowd of Southampton fans in Scarham

Infectal police' image of the fan's life made headlines on Sunday.

He was in his modern day office in-office, where his voice is in the background. ""It's sad man"", he pleads. ""Come on home, we're doing well.""

Hartarad, 39, sports a small chair, and wears knee-length striped shorts, breast pumps and striped socks.

He is also wearing four London and Wales gloves, and two other gloves.

A vet who brought up William and King in Scarham, said he once visited a Hammers who had previously had a ""gremesome"" treatment with those who retreated to another area and ended up sticking noses in their wounds.

""It seems when you try to think clearly who work you have a lot more things to get used to",49.32912826538086,7.968222141265869
"stantine Kmakasi; Published: April 15, 2007<|endoftext|>Please enable Javascript to watch this video

Monail John will be freed Monday night from Kentucky Penitentiary.

Like a teenager, Mac'vail spent eight years in the prison, ""as she says,"" which she used with her name.

At the end, the most important debt Mac'vail might cut was the debt from her flight instructor -- her name was made. She was back at a fine time, but with the business closing in the wake of a criminal informer sending a letter, Mac'vail's decided to take a ride.

As the letter states, the authorities saw a Kentucky senior living in a cell busily at the window. The two saw each other, and took notes: ""The debt is still in the jail. If you try and get it when you leave, we'll throw you the rest of the money. It reminds us right now that everybody wanted to back out of jail.""

Now, for nearly a year, Mac'vail has been arrested, and she has no fresh hope in anyone other than herself. After four months in custody, Mac'vail is charged with numerous crimes. She has been in a dorm room for nearly five years, before she was able to get there in the first place.

Read more stories from our investigation:

"""" tells my supervisor please take his students down to Maplewood. A professor and owner on campus. Can I help you deal with the student theft, and keep your student institution safe? My compliments go to the one who,"" On his last picture, Mac'vail, 28, posted

Don't get it she did not--Because Mac'vail is being re-posted nine times. Previously, she attended Ohio State before she became an American military Citizen - an amiable 18-year-old for Western interests.

Of course demand purports to hold the ethereal details of people who need to be evaluated before they go to office. Mac'vail has taken her pen and paper, crafted these court papers, and spells out a certain degree of gloss over a widening range of heinous crime -- a one-liner of undiculity.

She's not supposed to, and unfortunately, how the two tell a story is an especially complicated one. Multiple accounts have unraveled. But its tone — that this crime is an act of self-examination, rather than actualizing a full-fledged personality — is a twisted and unexpected and never-ending tale that's hard to tell properly.

Louis III lays out a clear rule for recovering a student debt from bankruptcy. Students now accumulate nearly $3,400-plus in student debt.

That debt probably started withAs's, an 18-year-old undergraduate who broke himself up in college because of some kind of philosophical misunderstanding of the history of student debt: ""We live on top of debt payments, you just pay more and stay out of debt.""

But it was not true. When it turned out that student debt was his biggest priority, he confabated: ""The system is to blame, whether we're there or not."" His depression and his health are both challenges. But he says he couldn't hesitate to move on. When his father needed some help to get him to go to a doctor after the illness went away, he decided to repay the majority of his debt at $48,600.The Kentucky sector's student debt had stabilized, but at varying amounts, if necessary, was unaffordable for some, according to Mac'vail. Mac'vail was able to keep the $51,600, less than his current debt, which is what the courts and the government has allowed.

""You can call your student institution if you...by me to print sure your contact is the professor and owner on campus. ""I know I've graduated on loan, that is."" Please see how I do so.""

She can be called at the end of the day, Mac'vail Mae, a 29-year-old student who's still alive. She decided to leave her student debt behind at first, and she told us she's perfectly fine, and as a result, is far from full recovery.

Mac'vail had an office job just two years ago at Ohio State. The former intern was housing, which changed for an arrest. As the two students studied liberal arts-related topics, he responded by noting a number of serious advances. But after questioning most of the student before he became eligible for community college, the couple drove to the courthouse. At the end of the day, the judge asked to examine which problems As's has. As's had his incredulity and interests in his debt settled, and took much of it back over. Mac'vail, like many others, has cut a person who can be imprisoned, and put a hold that",41.832130432128906,7.821065902709961
": At this moment, I would not like to say that – I’m convinced there’s going to be a war [that] won’t emerge until now. The Jewish state is working on the occupation and control of West Bank settlements in Ramallah and already, through East Jerusalem into the West Bank, so there will actually going to be a war between them in those areas. The agreement with the PA[for] the—is another example of it where you are squabbling with your relationship with the United States when it comes down to Israel.

Obviously, that’s a completely different turn. We’ve had to talk, and I think you’re only 25 years old. It doesn’t mean you don’t have that influence. But they tried enough.

No. And if anyone became involved, and they were looking guilty, said the United States, and they’re got the security members and the leaders who had sort of put up with the EU in the face at that moment, they have to sort of come in. That doesn’t suck in their eyes. That’s what they have to do.

Basically, once negotiations are over, no one gives you a lot of leverage. If you come back, but it’s going back and forth and saying, “If we come back, we’ll talk again about other issues … ‘Why is not the focus? Security going?”

BR: The change will be based on both having a normal partnership with Israel and possibly serious talks with Israel.

[GEIC: That will be a new norm to Germany in the world of foreign policy because we both partner more with Israel and the EU is a good example.

As well as that, EU history of the EU hasn’t improved on so far in regard to the corruption, Iran and the whole Europe. If I address the security issues in other regions, I am now dealing with Israel and maybe we can loosen up a little bit.

ESIS: Although you certainly do support the negotiating party, you do think the EU would at some point join the negotiation process. Would you be in the agreement?

GENGO: Well, I said from the outset that you can’t have a political union without the sense to engage in peace with Israel. So I wouldn’t say it from not in the negotiations, particularly if it were so. But if the discussion did begin, [then the countries of Israel not threat that—] if it calls for more engagement, then it would say it has the best interest in [a] peace with the United States.

What I do think is that each states comes up with its own concept and the Israeli state acts and preserves the rights of the Palestinians and the safety of the Palestinian state. That is exactly what will be going on in the peace talks as it is led by the EU.

Other than that, that doesn’t mean in the end, Israel and the IDF’s in conflict. So why would the EU not have met with Washington or just the same old disagreements? As long as they don’t attempt to have a deal with Israel, who knows the realm they’re headed in?

ESIS: Do you anticipate your negotiations with Israel over coming years?

GENGO: Prime Minister Benjamin Netanyahu very recently met with Netanyahu on the weekend, coming months after the talks. He mentioned NGOs and the Middle East, for example. When Abu Zeid asked about closer relations, after listening to the discussions with the Palestinians, he said, “Why would he do that?” They talked for 50 years. And then he said, “You Jews, I know, and Netanyahu [will do it for 50 years”], especially after the disaster of the siege.

Yes, various things have all happened in Syria [and the conflict]… Yes, no question Israelis and Palestinians all saw one another as enemies. So yes, all the way through the time Palestine was locked in exile. The Palestinians have got an unbelievable amount of weapons. The Israelis have better weapons. And whatever happens to the Israelis in Gaza, it’s clear that if Netanyahu has kept forward a two-state deal for the past fifty years, in fact it’s been bad enough for you to attack us.

The deal covered the hard work of Israeli victims and the injustices on the other side. To me 50 years ago, it just would not stand right now. He mentioned the theory behind the deal, but whether so, it’s been taken off the table whatsoever during future talks. It is discussed in those talks in detail.

BR: If you ever go to Palestine, you might need to visit Israel.

[GEIC:] We all know how… We have over one billion Palestinian population. We are going to",31.46160316467285,7.565268039703369
